gsis_id,season,team,player,cash_paid_m,cap_number_m
00-0037834,2022,SF,Brock Purdy,0.782012,0.724253
00-0037834,2023,SF,Brock Purdy,0.87,0.889253
00-0037834,2024,SF,Brock Purdy,0.985,1.004253
00-0037834,2025,SF,Brock Purdy,41.1,9.119253
00-0031345,2017,SF,Jimmy Garoppolo,0.434158,0.434158
00-0031345,2018,SF,Jimmy Garoppolo,41.95,37.0
00-0031345,2019,SF,Jimmy Garoppolo,18.6,20.0
00-0031345,2020,SF,Jimmy Garoppolo,25.2,26.6
00-0031345,2021,SF,Jimmy Garoppolo,25.45,26.85
00-0031345,2022,SF,Jimmy Garoppolo,10.052941,13.991176
00-0027974,2016,SF,Colin Kaepernick,14.3,20.231507
00-0034869,2023,SF,Sam Darnold,4.5,6.3
00-0037012,2021,SF,Trey Lance,22.823824,6.200956
00-0037012,2022,SF,Trey Lance,2.210239,7.751195
00-0027948,2016,SF,Blaine Gabbert,2.0,2.3
00-0034343,2020,SF,Josh Rosen,0.088235,0.088235
00-0036972,2025,SF,Mac Jones,4.25,2.558
00-0027950,2016,SF,Christian Ponder,0.8,0.8
00-0032792,2021,SF,Nate Sudfeld,0.2982,0.2982
00-0033949,2024,SF,Joshua Dobbs,2.25,2.25
00-0033936,2017,SF,C.J. Beathard,1.171288,0.641572
00-0033936,2018,SF,C.J. Beathard,0.625393,0.801965
00-0033936,2019,SF,C.J. Beathard,0.785786,0.962358
00-0033936,2020,SF,C.J. Beathard,0.946179,1.122751
00-0033319,2017,SF,Nick Mullens,0.1224,0.1224
00-0033319,2018,SF,Nick Mullens,0.395294,0.395294
00-0033319,2019,SF,Nick Mullens,0.57,0.57
00-0033319,2020,SF,Nick Mullens,0.75,0.75
00-0026300,2020,SF,Josh Johnson,0.096,0.096
00-0026300,2022,SF,Josh Johnson,0.311111,0.248611
00-0032434,2023,SF,Brandon Allen,1.2325,1.0925
00-0032434,2024,SF,Brandon Allen,1.96,1.96
00-0027253,2016,SF,Thaddeus Lewis,0.428,0.363
00-0038658,2025,SF,Adrian Martinez,0.039,0.039
00-0040589,2025,SF,Kurtis Rourke,0.368236,0.267559
00-0039699,2024,SF,Tanner Mordecai,0.225,0.225
00-0032937,2017,SF,Max McCaffrey,0.082059,0.082059
00-0032937,2018,SF,Max McCaffrey,0.032647,0.032647
00-0033280,2022,SF,Christian McCaffrey,0.69,0.69
00-0033280,2023,SF,Christian McCaffrey,12.0,3.424
00-0033280,2024,SF,Christian McCaffrey,15.617647,6.682588
00-0033280,2025,SF,Christian McCaffrey,16.2,8.751472
00-0031376,2018,SF,Jerick McKinnon,11.75,6.0
00-0031376,2019,SF,Jerick McKinnon,3.75,5.75
00-0031376,2020,SF,Jerick McKinnon,1.16,2.91
00-0031045,2016,SF,Carlos Hyde,0.754698,1.004094
00-0031045,2017,SF,Carlos Hyde,0.922047,1.171443
00-0032058,2019,SF,Tevin Coleman,3.56875,3.6
00-0032058,2020,SF,Tevin Coleman,4.9,4.86875
00-0032058,2022,SF,Tevin Coleman,0.216222,0.203722
00-0037525,2022,SF,Jordan Mason,0.715,0.708333
00-0037525,2023,SF,Jordan Mason,0.87,0.873333
00-0037525,2024,SF,Jordan Mason,0.855833,0.859167
00-0033308,2017,SF,Matt Breida,0.47,0.466666
00-0033308,2018,SF,Matt Breida,0.544588,0.546254
00-0033308,2019,SF,Matt Breida,0.645,0.646668
00-0031687,2016,SF,Raheem Mostert,0.030882,0.030882
00-0031687,2017,SF,Raheem Mostert,0.545294,0.545294
00-0031687,2018,SF,Raheem Mostert,0.705,0.705
00-0031687,2019,SF,Raheem Mostert,2.65,1.983333
00-0031687,2020,SF,Raheem Mostert,3.0,3.333333
00-0031687,2021,SF,Raheem Mostert,3.040625,3.608334
00-0032063,2016,SF,Mike Davis,0.525,0.642195
00-0034115,2018,SF,Jeff Wilson,0.169412,0.169412
00-0034115,2019,SF,Jeff Wilson,0.536471,0.536471
00-0034115,2020,SF,Jeff Wilson,0.75,0.75
00-0034115,2021,SF,Jeff Wilson,2.05,2.05
00-0029141,2018,SF,Alfred Morris,0.79,0.63
00-0033567,2021,SF,Brian Hill,0.014,0.014
00-0036567,2021,SF,Elijah Mitchell,0.843572,0.705893
00-0036567,2022,SF,Elijah Mitchell,0.557779,0.603672
00-0036567,2023,SF,Elijah Mitchell,0.94,0.985893
00-0036567,2024,SF,Elijah Mitchell,1.055,1.100893
00-0037746,2025,SF,Brian Robinson Jr.,1.906,1.906
00-0036984,2021,SF,Trey Sermon,1.482285,0.804321
00-0035806,2020,SF,JaMycal Hasty,0.502353,0.502353
00-0035806,2021,SF,JaMycal Hasty,0.704445,0.704445
00-0037827,2022,SF,Tyrion Davis-Price,1.600304,0.928826
00-0037827,2023,SF,Tyrion Davis-Price,0.06,0.06
00-0028202,2016,SF,Shaun Draughn,0.86,0.86
00-0036450,2024,SF,Ke'Shawn Vaughn,0.2211,0.197766
00-0034164,2021,SF,Trenton Cannon,0.868889,0.868889
00-0033955,2017,SF,Jeremy McNichols,0.136765,0.136765
00-0033955,2023,SF,Jeremy McNichols,0.06,0.052222
00-0038389,2024,SF,Israel Abanikanda,0.254167,0.254167
00-0028409,2016,SF,DuJuan Harris,0.491755,0.491755
00-0039363,2024,SF,Isaac Guerendo,1.499528,0.971132
00-0039363,2025,SF,Isaac Guerendo,0.96,1.136132
00-0035187,2020,SF,Austin Walter,0.287059,0.287059
00-0033286,2017,SF,Joe Williams,0.977384,0.505346
00-0031190,2020,SF,Tyler Gaffney,0.0168,0.0168
00-0034614,2018,SF,Godwin Igwebuike,0.141176,0.141176
00-0035973,2024,SF,Patrick Taylor,0.293056,0.293056
00-0035973,2025,SF,Patrick Taylor,1.17,1.03
00-0040177,2025,SF,Jordan James,1.279684,0.949921
00-0033596,2018,SF,Matt Dayes,0.261176,0.261176
00-0029892,2017,SF,Kyle Juszczyk,7.45,3.75
00-0029892,2018,SF,Kyle Juszczyk,3.25,4.45
00-0029892,2019,SF,Kyle Juszczyk,4.6,5.95
00-0029892,2020,SF,Kyle Juszczyk,5.55,6.7
00-0029892,2021,SF,Kyle Juszczyk,5.475,2.275
00-0029892,2022,SF,Kyle Juszczyk,3.751471,2.95875
00-0029892,2023,SF,Kyle Juszczyk,5.25,6.58875
00-0029892,2024,SF,Kyle Juszczyk,4.5,3.60675
00-0029892,2025,SF,Kyle Juszczyk,4.0,2.516
00-0028292,2016,SF,Nick Bellore,0.81,1.13
00-0035807,2020,SF,Josh Hokit,0.1428,0.1428
00-0035807,2021,SF,Josh Hokit,0.1656,0.1656
00-0036261,2020,SF,Brandon Aiyuk,7.283708,2.278427
00-0036261,2021,SF,Brandon Aiyuk,1.179607,2.848034
00-0036261,2022,SF,Brandon Aiyuk,1.749214,3.417641
00-0036261,2023,SF,Brandon Aiyuk,2.318821,3.987248
00-0036261,2024,SF,Brandon Aiyuk,24.125,5.725
00-0036261,2025,SF,Brandon Aiyuk,24.025,9.917105
00-0035719,2019,SF,Deebo Samuel,4.113076,1.399519
00-0035719,2020,SF,Deebo Samuel,0.84488,1.749399
00-0035719,2021,SF,Deebo Samuel,1.19476,2.099279
00-0035719,2022,SF,Deebo Samuel,25.15,6.876519
00-0035719,2023,SF,Deebo Samuel,11.306765,8.741765
00-0035719,2024,SF,Deebo Samuel,21.922,12.226753
00-0027685,2019,SF,Emmanuel Sanders,5.970588,5.970588
00-0026345,2017,SF,Pierre Garcon,15.9,6.425
00-0026345,2018,SF,Pierre Garcon,6.85,9.25
00-0027996,2016,SF,Torrey Smith,5.875,7.6
00-0034411,2024,SF,Russell Gage,0.1512,0.1512
00-0029632,2021,SF,Mohamed Sanu,0.913333,0.743889
00-0029269,2020,SF,Travis Benjamin,0.15,0.0
00-0029269,2021,SF,Travis Benjamin,0.836111,0.661111
00-0030068,2017,SF,Marquise Goodwin,4.5,3.25
00-0030068,2018,SF,Marquise Goodwin,6.5,6.275
00-0030068,2019,SF,Marquise Goodwin,3.28125,3.96875
00-0030663,2022,SF,Willie Snead,0.283644,0.258644
00-0030663,2023,SF,Willie Snead,0.0412,0.0412
00-0031545,2020,SF,Kevin White,0.313587,0.313587
00-0033307,2017,SF,Kendrick Bourne,0.47,0.466666
00-0033307,2018,SF,Kendrick Bourne,0.555,0.556666
00-0033307,2019,SF,Kendrick Bourne,0.645,0.646668
00-0033307,2020,SF,Kendrick Bourne,3.259,3.259
00-0033307,2025,SF,Kendrick Bourne,2.5,1.765
00-0036259,2020,SF,Jauan Jennings,0.1428,0.1428
00-0036259,2021,SF,Jauan Jennings,0.66,0.66
00-0036259,2022,SF,Jauan Jennings,0.825,0.825
00-0036259,2023,SF,Jauan Jennings,0.94,0.94
00-0036259,2024,SF,Jauan Jennings,7.816471,2.848471
00-0036259,2025,SF,Jauan Jennings,8.026471,9.113
00-0028091,2016,SF,Jeremy Kerley,1.01,0.76
00-0029129,2016,SF,Rod Streater,0.760001,0.760001
00-0032775,2025,SF,Demarcus Robinson,3.715833,1.934833
00-0039916,2024,SF,Ricky Pearsall,6.733836,2.279709
00-0039916,2025,SF,Ricky Pearsall,1.364927,2.849636
00-0032128,2023,SF,Chris Conley,0.323611,0.261111
00-0032128,2024,SF,Chris Conley,1.55,1.55
00-0028116,2017,SF,Aldrick Robinson,1.95,1.8
00-0027089,2017,SF,Louis Murphy,0.423529,0.289412
00-0034487,2021,SF,Trent Sherfield,0.92,0.92
00-0031299,2019,SF,Jordan Matthews,0.142059,0.113824
00-0031299,2020,SF,Jordan Matthews,0.107058,0.107058
00-0031299,2021,SF,Jordan Matthews,0.237,0.237
00-0031299,2022,SF,Jordan Matthews,0.53,0.48
00-0034407,2022,SF,Ray-Ray McCloud,2.785,1.91
00-0034407,2023,SF,Ray-Ray McCloud,1.175294,2.09
00-0034860,2018,SF,Dante Pettis,3.214952,1.163738
00-0034860,2019,SF,Dante Pettis,0.770935,1.454673
00-0038090,2025,SF,Skyy Moore,1.509615,1.509615
00-0031326,2016,SF,Bruce Ellington,0.6,0.718607
00-0031763,2017,SF,DeAndre Carter,0.1224,0.1224
00-0037828,2022,SF,Danny Gray,1.55402,0.917255
00-0037828,2023,SF,Danny Gray,0.934314,1.146569
00-0034971,2019,SF,Jalen Hurd,1.538026,0.688654
00-0034971,2020,SF,Jalen Hurd,0.689531,0.972655
00-0033292,2017,SF,Trent Taylor,0.666948,0.515487
00-0033292,2018,SF,Trent Taylor,0.555,0.605487
00-0033292,2019,SF,Trent Taylor,0.645,0.695487
00-0033292,2020,SF,Trent Taylor,0.75,0.800487
00-0033292,2024,SF,Trent Taylor,0.3481,0.340322
00-0033292,2025,SF,Trent Taylor,0.59,0.54
00-0034286,2018,SF,Richie James,0.556572,0.499143
00-0034286,2019,SF,Richie James,0.57,0.589143
00-0034286,2020,SF,Richie James,0.75,0.769143
00-0034286,2021,SF,Richie James,0.92,0.939143
00-0034867,2025,SF,Malik Turner,0.4575,0.434166
00-0030450,2016,SF,Quinton Patton,0.675,0.772875
00-0034054,2020,SF,River Cracraft,0.317647,0.317647
00-0034054,2021,SF,River Cracraft,0.236111,0.236111
00-0036907,2022,SF,Dazz Newsome,0.092,0.092
00-0039853,2025,SF,Javon Baker,0.052,0.052
00-0033306,2017,SF,Victor Bolden,0.452353,0.447019
00-0032064,2016,SF,DeAndre Smelter,0.052941,0.052941
00-0032064,2017,SF,DeAndre Smelter,0.1224,0.1224
00-0039365,2024,SF,Jacob Cowing,1.323708,0.927177
00-0039365,2025,SF,Jacob Cowing,0.515,0.647177
00-0038647,2023,SF,Ronnie Bell,0.827784,0.769446
00-0038647,2024,SF,Ronnie Bell,0.0625,0.0625
00-0040172,2025,SF,Jordan Watkins,1.505816,1.006454
00-0037524,2022,SF,Tay Martin,0.262334,0.262334
00-0037524,2023,SF,Tay Martin,0.245667,0.245667
00-0032441,2016,SF,Aaron Burbridge,0.550356,0.475089
00-0032441,2017,SF,Aaron Burbridge,0.363,0.388089
00-0035838,2020,SF,Matt Cole,0.071765,0.071765
00-0040247,2025,SF,Junior Bergen,0.234,0.234
00-0030202,2016,SF,Eric Rogers,0.483,0.4205
00-0039701,2024,SF,Terique Owens,0.175,0.175
00-0034072,2018,SF,Steven Dunbar,0.028235,0.028235
00-0034330,2018,SF,Jordan Smallwood,0.0152,0.0152
00-0031506,2016,SF,DiAndre Campbell,0.0138,0.0138
00-0035035,2019,SF,Shawn Poindexter,0.383,0.379666
00-0035035,2020,SF,Shawn Poindexter,0.0504,0.0504
00-0032488,2016,SF,Mose Frazier,0.0552,0.0552
00-0031121,2018,SF,Marcus Lucas,0.0228,0.0228
00-0033288,2017,SF,George Kittle,0.763296,0.539574
00-0033288,2018,SF,George Kittle,0.555,0.629574
00-0033288,2019,SF,George Kittle,0.645,0.719574
00-0033288,2020,SF,George Kittle,20.133,5.807574
00-0033288,2021,SF,George Kittle,3.682353,5.191928
00-0033288,2022,SF,George Kittle,11.991176,7.418751
00-0033288,2023,SF,George Kittle,12.15,9.536575
00-0033288,2024,SF,George Kittle,13.941176,12.204575
00-0033288,2025,SF,George Kittle,19.823529,14.211842
00-0030472,2020,SF,Jordan Reed,0.902941,0.902941
00-0030470,2016,SF,Vance McDonald,7.895797,2.545193
00-0032214,2022,SF,Tyler Kroft,1.195,0.97
00-0030443,2019,SF,Levine Toilolo,0.895,0.735
00-0036887,2025,SF,Luke Farrell,6.0,2.544
00-0028903,2016,SF,Garrett Celek,3.9,1.915625
00-0028903,2017,SF,Garrett Celek,1.95,2.575
00-0028903,2018,SF,Garrett Celek,2.028125,2.675
00-0028903,2019,SF,Garrett Celek,1.113647,2.146294
00-0036429,2020,SF,Charlie Woerner,0.791032,0.655258
00-0036429,2021,SF,Charlie Woerner,0.78,0.825258
00-0036429,2022,SF,Charlie Woerner,0.895,0.940258
00-0036429,2023,SF,Charlie Woerner,1.01,1.055258
00-0037112,2023,SF,Jake Tonges,0.18,0.18
00-0037112,2024,SF,Jake Tonges,0.915,0.915
00-0037112,2025,SF,Jake Tonges,1.03,1.03
00-0033576,2024,SF,Eric Saubert,1.21,0.985
00-0034073,2018,SF,Ross Dwelley,0.338824,0.338824
00-0034073,2019,SF,Ross Dwelley,0.57,0.57
00-0034073,2020,SF,Ross Dwelley,0.75,0.75
00-0034073,2021,SF,Ross Dwelley,1.6,1.588235
00-0034073,2022,SF,Ross Dwelley,1.035,1.0475
00-0034073,2023,SF,Ross Dwelley,1.7,1.08
00-0032062,2016,SF,Blake Bell,0.525,0.651283
00-0027215,2017,SF,Logan Paulsen,0.364706,0.364706
00-0038564,2023,SF,Cameron Latu,1.307512,0.664378
00-0027825,2016,SF,Jim Dray,0.089412,0.070588
00-0035428,2019,SF,Daniel Helm,0.087353,0.087353
00-0035428,2020,SF,Daniel Helm,0.096212,0.096212
00-0033315,2017,SF,Cole Hikutini,0.273176,0.273176
00-0038643,2023,SF,Brayden Willis,0.8299,0.769975
00-0038643,2024,SF,Brayden Willis,0.660833,0.660833
00-0038643,2025,SF,Brayden Willis,0.0,0.0
00-0030805,2016,SF,Je'Ron Hamm,0.432353,0.432353
00-0035805,2020,SF,Chase Harrell,0.0252,0.0252
00-0039702,2024,SF,Mason Pline,0.225,0.225
00-0039489,2025,SF,Hayden Rucci,0.0,0.0
00-0032562,2017,SF,Cole Wick,0.0792,0.0792
00-0027857,2020,SF,Trent Williams,12.71875,12.71875
00-0027857,2021,SF,Trent Williams,32.267647,8.187647
00-0027857,2022,SF,Trent Williams,7.967647,9.672653
00-0027857,2023,SF,Trent Williams,20.061765,12.583542
00-0027857,2024,SF,Trent Williams,47.186176,21.835542
00-0027857,2025,SF,Trent Williams,1.960882,21.406661
00-0025415,2016,SF,Joe Staley,10.1,8.3
00-0025415,2017,SF,Joe Staley,8.91875,11.05625
00-0025415,2018,SF,Joe Staley,8.75,10.91875
00-0025415,2019,SF,Joe Staley,13.34375,14.7
00-0036557,2021,SF,Jaylon Moore,0.983036,0.740759
00-0036557,2022,SF,Jaylon Moore,0.825,0.905759
00-0036557,2023,SF,Jaylon Moore,0.94,1.020759
00-0036557,2024,SF,Jaylon Moore,1.055,1.135759
00-0036256,2020,SF,Colton McKivitz,0.902721,0.655386
00-0036256,2021,SF,Colton McKivitz,0.39,0.39
00-0036256,2022,SF,Colton McKivitz,0.895,0.895
00-0036256,2023,SF,Colton McKivitz,2.305,1.636
00-0036256,2024,SF,Colton McKivitz,5.36,2.913
00-0036256,2025,SF,Colton McKivitz,9.28,4.403777
00-0032071,2016,SF,Trent Brown,0.525,0.538973
00-0032071,2017,SF,Trent Brown,0.615,0.628973
00-0034417,2023,SF,Matt Pryor,0.12,0.104444
00-0034989,2019,SF,Justin Skule,0.674548,0.539887
00-0034989,2020,SF,Justin Skule,0.675,0.719887
00-0034989,2021,SF,Justin Skule,0.85,0.894887
00-0036272,2023,SF,Ben Bartch,0.365556,0.365556
00-0036272,2024,SF,Ben Bartch,1.125,0.985
00-0036272,2025,SF,Ben Bartch,1.3375,1.1975
00-0033161,2020,SF,Isaiah Williams,0.096636,0.096636
00-0032414,2016,SF,John Theus,0.707612,0.514403
00-0034628,2019,SF,Jaryd Jones-Smith,0.104,0.104
00-0031396,2016,SF,Mitchell Van Dyk,0.0207,0.0207
00-0037381,2023,SF,Sebastian Gutierrez,0.024,0.024
00-0037381,2024,SF,Sebastian Gutierrez,0.025,0.025
00-0036448,2024,SF,Isaac Alarcon,0.0,0.0
00-0036448,2025,SF,Isaac Alarcon,0.0,0.0
00-0037591,2022,SF,Leroy Watson,0.207,0.207
00-0035829,2024,SF,Austen Pleasants,0.1325,0.1325
00-0035829,2025,SF,Austen Pleasants,0.96,0.96
00-0032680,2017,SF,Pace Murphy,0.108,0.108
00-0033323,2017,SF,Darrell Williams Jr.,0.246176,0.246176
00-0030157,2016,SF,Colin Kelly,0.0483,0.0483
00-0034250,2018,SF,Christian DiLauro,0.119,0.119
00-0036551,2021,SF,Aaron Banks,3.16444,1.28611
00-0036551,2022,SF,Aaron Banks,0.981528,1.607638
00-0036551,2023,SF,Aaron Banks,1.303056,1.929166
00-0036551,2024,SF,Aaron Banks,3.116,3.74211
00-0032234,2017,SF,Laken Tomlinson,1.212296,1.212296
00-0032234,2018,SF,Laken Tomlinson,6.600944,2.850944
00-0032234,2019,SF,Laken Tomlinson,3.0,3.75
00-0032234,2020,SF,Laken Tomlinson,4.0,4.409294
00-0032234,2021,SF,Laken Tomlinson,5.264705,6.651352
00-0027658,2016,SF,Zane Beadles,3.8,2.633333
00-0027658,2017,SF,Zane Beadles,2.95,4.033333
00-0032151,2023,SF,Jon Feliciano,2.25,3.25
00-0032151,2024,SF,Jon Feliciano,2.75,2.28
00-0027282,2019,SF,Ben Garland,0.805,0.805
00-0027282,2020,SF,Ben Garland,2.0,2.0
00-0028177,2018,SF,Mike Person,0.915,0.63
00-0028177,2019,SF,Mike Person,2.75,2.75
00-0031337,2016,SF,Marcus Martin,0.655,0.822813
00-0029144,2020,SF,Tom Compton,1.25,1.375
00-0029144,2021,SF,Tom Compton,1.075,0.85
00-0026929,2016,SF,Andrew Gardner,0.089412,0.089412
00-0029699,2020,SF,Tony Bergstrom,0.247059,0.176471
00-0037831,2022,SF,Nick Zakelj,0.89536,0.75259
00-0037831,2023,SF,Nick Zakelj,0.694444,0.742034
00-0037831,2024,SF,Nick Zakelj,0.985,1.03259
00-0037831,2025,SF,Nick Zakelj,0.513333,0.513333
00-0034229,2020,SF,Dakoda Shepley,0.197764,0.197764
00-0037529,2022,SF,Jason Poe,0.207,0.207
00-0036015,2024,SF,Zack Johnson,0.0125,0.0125
00-0033151,2016,SF,Joshua Garnett,5.416772,1.691693
00-0033151,2017,SF,Joshua Garnett,0.872923,2.114616
00-0033151,2018,SF,Joshua Garnett,1.295846,2.537539
00-0032714,2016,SF,Alex Balducci,0.079412,0.079412
00-0033500,2017,SF,Andrew Lauderdale,0.0576,0.0576
00-0033500,2019,SF,Andrew Lauderdale,0.378,0.378
00-0033310,2017,SF,John Flynn,0.1224,0.1224
00-0033310,2018,SF,John Flynn,0.363,0.363
00-0031185,2021,SF,Jon Halapio,0.168,0.168
00-0033667,2017,SF,Cameron Hunt,0.0504,0.0504
00-0033301,2019,SF,Kofi Amichia,0.024,0.024
00-0026997,2021,SF,Alex Mack,5.5,3.05
00-0031238,2018,SF,Weston Richburg,16.975,9.26
00-0031238,2019,SF,Weston Richburg,5.925,7.598435
00-0031238,2020,SF,Weston Richburg,6.600001,5.775124
00-0028101,2016,SF,Daniel Kilgore,1.1,1.35
00-0028101,2017,SF,Daniel Kilgore,1.4,1.85
00-0032701,2021,SF,Jake Brendel,0.99,0.85
00-0032701,2022,SF,Jake Brendel,1.035,0.895
00-0032701,2023,SF,Jake Brendel,4.9,2.372
00-0032701,2024,SF,Jake Brendel,4.11,3.26
00-0032701,2025,SF,Jake Brendel,3.905,5.305
00-0028274,2017,SF,Tim Barnes,0.227941,0.180882
00-0036295,2024,SF,Matt Hennessy,0.117222,0.154722
00-0036295,2025,SF,Matt Hennessy,1.17,1.2075
00-0031561,2020,SF,Hroniss Grasu,0.802941,0.661765
00-0033317,2017,SF,Erik Magnuson,0.434588,0.431921
00-0033317,2018,SF,Erik Magnuson,0.555,0.556333
00-0036342,2022,SF,Keith Ismael,0.1955,0.1955
00-0039700,2024,SF,Drake Nugent,0.256667,0.256667
00-0039700,2025,SF,Drake Nugent,0.234,0.234
00-0028110,2017,SF,Brandon Fusco,1.1,1.4
00-0033221,2019,SF,Daniel Brunskill,0.495,0.495
00-0033221,2020,SF,Daniel Brunskill,0.675,0.675
00-0033221,2021,SF,Daniel Brunskill,0.85,0.85
00-0033221,2022,SF,Daniel Brunskill,2.433,2.433
00-0037829,2022,SF,Spencer Burford,1.377056,0.873014
00-0037829,2023,SF,Spencer Burford,0.87,1.038014
00-0037829,2024,SF,Spencer Burford,0.985,1.153014
00-0037829,2025,SF,Spencer Burford,2.405,2.913014
00-0039351,2024,SF,Dominick Puni,1.760852,1.036463
00-0039351,2025,SF,Dominick Puni,1.054116,1.295579
00-0029661,2016,SF,Andrew Tiller,0.6,0.6
00-0034097,2018,SF,Najee Toran,0.0912,0.0912
00-0035036,2019,SF,Ross Reynolds,0.220468,0.220468
00-0040245,2025,SF,Connor Colby,0.941672,0.865418
00-0031893,2023,SF,Jesse Davis,0.250122,0.237622
00-0034847,2018,SF,Mike McGlinchey,11.899544,3.334886
00-0034847,2019,SF,Mike McGlinchey,1.313722,4.168608
00-0034847,2020,SF,Mike McGlinchey,2.237444,5.09233
00-0034847,2021,SF,Mike McGlinchey,3.151166,6.006052
00-0034847,2022,SF,Mike McGlinchey,10.88,10.88
00-0030899,2017,SF,Garry Gilliam,2.05,2.1625
00-0030899,2018,SF,Garry Gilliam,2.7,2.45
00-0034763,2025,SF,Brandon Parker,0.2225,0.214722
00-0036195,2024,SF,Charlie Heck,0.125,0.125
00-0038879,2023,SF,Corey Luciano,0.275334,0.275334
00-0035504,2021,SF,Wyatt Miller,0.0368,0.0368
00-0032723,2016,SF,Norman Price,0.1173,0.1173
00-0032427,2016,SF,Fahn Cooper,0.1173,0.1173
00-0032378,2016,SF,DeForest Buckner,11.879812,3.307453
00-0032378,2017,SF,DeForest Buckner,1.276863,4.134316
00-0032378,2018,SF,DeForest Buckner,2.103726,4.961179
00-0032378,2019,SF,DeForest Buckner,2.930589,5.788042
00-0033109,2023,SF,Javon Hargrave,24.870882,6.595
00-0033109,2024,SF,Javon Hargrave,15.117353,9.270882
00-0032164,2016,SF,Arik Armstead,0.882392,2.236961
00-0032164,2017,SF,Arik Armstead,1.329784,2.684353
00-0032164,2018,SF,Arik Armstead,1.777176,3.131745
00-0032164,2019,SF,Arik Armstead,9.046,9.046
00-0032164,2020,SF,Arik Armstead,20.0,6.0
00-0032164,2021,SF,Arik Armstead,15.0,12.5
00-0032164,2022,SF,Arik Armstead,14.647059,9.576
00-0032164,2023,SF,Arik Armstead,16.519412,12.108236
00-0036260,2020,SF,Javon Kinlaw,9.434508,2.816127
00-0036260,2021,SF,Javon Kinlaw,1.314032,3.520159
00-0036260,2022,SF,Javon Kinlaw,2.018064,4.224191
00-0036260,2023,SF,Javon Kinlaw,2.722096,4.928223
00-0033131,2024,SF,Maliek Collins,8.5,3.068
00-0033297,2017,SF,D.J. Jones,0.612868,0.501967
00-0033297,2018,SF,D.J. Jones,0.555,0.591967
00-0033297,2019,SF,D.J. Jones,0.645,0.681967
00-0033297,2020,SF,D.J. Jones,0.825,0.861967
00-0033297,2021,SF,D.J. Jones,3.5,3.455882
00-0034810,2023,SF,Sebastian Joseph-Day,0.3,0.4
00-0027684,2017,SF,Earl Mitchell,5.5,2.921875
00-0027684,2018,SF,Earl Mitchell,3.0,3.85
00-0027684,2019,SF,Earl Mitchell,0.0,0.0
00-0030088,2016,SF,Quinton Dial,3.902,1.527163
00-0026145,2016,SF,Glenn Dorsey,2.1,2.766668
00-0030402,2022,SF,Akeem Spence,0.0199,0.0199
00-0033870,2017,SF,Solomon Thomas,19.080912,5.118978
00-0033870,2018,SF,Solomon Thomas,1.744745,6.398723
00-0033870,2019,SF,Solomon Thomas,3.02449,7.678468
00-0033870,2020,SF,Solomon Thomas,4.394235,9.048213
00-0030946,2020,SF,Kerry Hyder,1.5,1.5
00-0030946,2022,SF,Kerry Hyder,1.5,1.5
00-0029890,2016,SF,Mike Purcell,0.525,0.525
00-0032402,2022,SF,Hassan Ridgeway,1.7,1.8
00-0036266,2024,SF,Jordan Elliott,3.941176,2.14
00-0036266,2025,SF,Jordan Elliott,2.970588,3.435588
00-0040721,2025,SF,Alfred Collins,4.975928,1.873982
00-0035026,2019,SF,Kevin Givens,0.029118,0.029118
00-0035026,2020,SF,Kevin Givens,0.61,0.61
00-0035026,2021,SF,Kevin Givens,0.685556,0.685556
00-0035026,2022,SF,Kevin Givens,0.895,0.895
00-0035026,2023,SF,Kevin Givens,2.0,2.0
00-0035026,2024,SF,Kevin Givens,2.0,1.1925
00-0035026,2025,SF,Kevin Givens,2.05,1.195
00-0033010,2017,SF,Sheldon Day,0.190588,0.190588
00-0033010,2018,SF,Sheldon Day,0.63,0.63
00-0033010,2019,SF,Sheldon Day,0.72,0.72
00-0034354,2022,SF,Kemoko Turay,0.157,0.149222
00-0030059,2020,SF,Ezekiel Ansah,1.45,1.302941
00-0034746,2021,SF,Maurice Hurst,1.045,1.045
00-0034746,2022,SF,Maurice Hurst,1.085,0.945
00-0037832,2022,SF,Kalia Davis,0.562012,0.463003
00-0037832,2023,SF,Kalia Davis,0.7,0.733003
00-0037832,2024,SF,Kalia Davis,0.985,1.018003
00-0037832,2025,SF,Kalia Davis,1.1,1.133003
00-0036430,2024,SF,Khalil Davis,0.599827,0.602941
00-0029165,2016,SF,Tony Jerod-Eddie,1.0,1.0
00-0030106,2016,SF,Chris Jones,0.317647,0.317647
00-0030106,2017,SF,Chris Jones,0.825,0.665
00-0025942,2017,SF,Leger Douzable,0.582353,0.397941
00-0032162,2022,SF,T.Y. McGill,0.4025,0.348056
00-0032162,2023,SF,T.Y. McGill,0.459044,0.434044
00-0035531,2023,SF,Austin Bryant,0.0,0.0
00-0040711,2025,SF,C.J. West,1.851092,1.092773
00-0030069,2019,SF,Damontre Moore,0.331471,0.265588
00-0030555,2020,SF,Dion Jordan,0.802941,0.661765
00-0031081,2016,SF,Zach Moore,0.035294,0.035294
00-0036507,2022,SF,Michael Dwumfour,0.114666,0.114666
00-0038634,2024,SF,Nesta Jade Silvera,0.1375,0.1375
00-0038882,2023,SF,Spencer Waege,0.096,0.096
00-0035802,2020,SF,Darrion Daniels,0.071765,0.071765
00-0035802,2021,SF,Darrion Daniels,0.1656,0.1656
00-0039696,2024,SF,Evan Anderson,0.485833,0.485833
00-0039696,2025,SF,Evan Anderson,0.234,0.234
00-0035004,2021,SF,Chris Slayton,0.0736,0.0736
00-0040560,2025,SF,Sebastian Valdez,0.301334,0.301334
00-0032435,2019,SF,Anthony Zettel,0.042353,0.042353
00-0035717,2019,SF,Nick Bosa,22.916356,6.100339
00-0035717,2020,SF,Nick Bosa,2.110085,7.715424
00-0035717,2021,SF,Nick Bosa,3.65017,9.255509
00-0035717,2022,SF,Nick Bosa,5.200255,10.805594
00-0035717,2023,SF,Nick Bosa,51.01,11.01
00-0035717,2024,SF,Nick Bosa,16.766765,14.671
00-0035717,2025,SF,Nick Bosa,30.273764,20.43087
00-0031297,2019,SF,Dee Ford,20.265625,14.6
00-0031297,2020,SF,Dee Ford,14.5,6.384295
00-0031297,2021,SF,Dee Ford,7.0,8.909997
00-0024341,2017,SF,Elvis Dumervil,4.75,3.375
00-0033072,2024,SF,Leonard Floyd,12.05,3.418
00-0032197,2023,SF,Randy Gregory,0.84,0.84
00-0036151,2025,SF,Bryce Huff,7.95,7.95
00-0036321,2023,SF,Chase Young,0.561111,0.561111
00-0035692,2023,SF,Clelin Ferrell,2.5,2.5
00-0035692,2025,SF,Clelin Ferrell,0.52,0.457778
00-0033945,2021,SF,Samson Ebukam,5.5,3.720588
00-0033945,2022,SF,Samson Ebukam,6.441176,8.25
00-0035279,2021,SF,Charles Omenihu,0.472222,0.472222
00-0035279,2022,SF,Charles Omenihu,2.54,2.54
00-0036288,2024,SF,Yetur Gross-Matos,9.82,3.238
00-0036288,2025,SF,Yetur Gross-Matos,7.73,9.473
00-0034825,2021,SF,Arden Key,1.145,1.045
00-0030993,2016,SF,Aaron Lynch,0.458824,0.508324
00-0030993,2017,SF,Aaron Lynch,1.797,1.8465
00-0040660,2025,SF,Mykel Williams,15.62062,4.535155
00-0031175,2017,SF,Cassius Marsh,0.243529,0.243529
00-0031175,2018,SF,Cassius Marsh,4.4,3.5
00-0024495,2016,SF,Ahmad Brooks,5.75,8.005
00-0030457,2016,SF,Tank Carradine,2.329684,2.199262
00-0030457,2017,SF,Tank Carradine,1.4,1.978125
00-0032413,2016,SF,Ronald Blair,0.720404,0.517601
00-0032413,2017,SF,Ronald Blair,0.456706,0.524307
00-0032413,2018,SF,Ronald Blair,0.63,0.697601
00-0032413,2019,SF,Ronald Blair,0.72,0.787601
00-0032413,2020,SF,Ronald Blair,2.2975,1.0475
00-0027812,2017,SF,Dekoda Watson,2.0,1.333333
00-0027812,2018,SF,Dekoda Watson,1.15,1.608333
00-0039148,2025,SF,Keion White,0.81011,0.81011
00-0037602,2023,SF,Sam Okuayinonu,0.0,0.0
00-0037602,2024,SF,Sam Okuayinonu,0.7625,0.7625
00-0037602,2025,SF,Sam Okuayinonu,1.03,1.03
00-0037826,2022,SF,Drake Jackson,2.170376,1.071344
00-0037826,2023,SF,Drake Jackson,0.972836,1.33918
00-0037826,2024,SF,Drake Jackson,1.240672,1.607016
00-0034320,2018,SF,Kentavius Street,1.014494,0.556844
00-0034320,2019,SF,Kentavius Street,0.398647,0.551197
00-0034320,2020,SF,Kentavius Street,0.675,0.82755
00-0034320,2021,SF,Kentavius Street,0.85,1.00255
00-0033912,2020,SF,Jordan Willis,0.508971,0.508971
00-0033912,2021,SF,Jordan Willis,0.66,0.566667
00-0033912,2022,SF,Jordan Willis,1.035,0.895
00-0034283,2018,SF,Jullian Taylor,0.578044,0.504511
00-0034283,2019,SF,Jullian Taylor,0.57,0.594511
00-0036921,2024,SF,Tarron Jackson,0.0125,0.0125
00-0036921,2025,SF,Tarron Jackson,0.565,0.565
00-0033298,2017,SF,Pita Taumoepenu,0.610456,0.501364
00-0033298,2018,SF,Pita Taumoepenu,0.130588,0.130588
00-0036664,2025,SF,William Bradley-King,0.195,0.195
00-0032060,2016,SF,Eli Harold,0.555,0.729343
00-0032060,2017,SF,Eli Harold,0.649,0.823343
00-0038603,2023,SF,Robert Beal Jr.,0.79498,0.611245
00-0038603,2024,SF,Robert Beal Jr.,0.915,0.976245
00-0038603,2025,SF,Robert Beal Jr.,0.629444,0.629444
00-0036239,2024,SF,Jonathan Garvin,0.1176,0.1176
00-0038865,2025,SF,Andrew Farmer,0.117,0.117
00-0033746,2019,SF,Alex Barrett,0.04,0.04
00-0033746,2020,SF,Alex Barrett,0.035882,0.035882
00-0033746,2021,SF,Alex Barrett,0.1656,0.1656
00-0033746,2022,SF,Alex Barrett,0.207,0.207
00-0033746,2023,SF,Alex Barrett,0.216,0.216
00-0033746,2024,SF,Alex Barrett,0.050833,0.050833
00-0033704,2018,SF,James Onwualu,0.163235,0.163235
00-0033186,2017,SF,Boseko Lokombo,0.036,0.036
00-0035381,2019,SF,Joey Alfieri,0.024,0.024
00-0034815,2018,SF,Fred Warner,1.490188,0.732547
00-0034815,2019,SF,Fred Warner,0.663137,0.915684
00-0034815,2020,SF,Fred Warner,0.844,1.096547
00-0034815,2021,SF,Fred Warner,13.24,3.636547
00-0034815,2022,SF,Fred Warner,15.844,8.164006
00-0034815,2023,SF,Fred Warner,13.525,9.049
00-0034815,2024,SF,Fred Warner,19.5,12.649
00-0034815,2025,SF,Fred Warner,17.926471,16.058
00-0027894,2016,SF,NaVorro Bowman,9.4375,10.234
00-0032109,2019,SF,Kwon Alexander,14.625,11.358176
00-0035166,2019,SF,Azeez Al-Shaair,0.51,0.5
00-0035166,2020,SF,Azeez Al-Shaair,0.675,0.68
00-0035166,2021,SF,Azeez Al-Shaair,0.85,0.855
00-0035166,2022,SF,Azeez Al-Shaair,3.986,3.986
00-0031554,2025,SF,Eric Kendricks,0.0,0.0
00-0032401,2024,SF,De'Vondre Campbell,4.738333,2.058333
00-0034982,2019,SF,Dre Greenlaw,0.816716,0.575429
00-0034982,2020,SF,Dre Greenlaw,0.675,0.755429
00-0034982,2021,SF,Dre Greenlaw,0.85,0.930429
00-0034982,2022,SF,Dre Greenlaw,5.614412,2.065311
00-0034982,2023,SF,Dre Greenlaw,4.745588,5.57797
00-0034982,2024,SF,Dre Greenlaw,8.258824,9.60297
00-0028180,2017,SF,Malcolm Smith,9.05,3.7
00-0028180,2018,SF,Malcolm Smith,3.26875,4.45
00-0034375,2025,SF,Kyzir White,0.0,0.0
00-0030770,2017,SF,Brock Coyle,1.45,1.45
00-0030770,2018,SF,Brock Coyle,3.025,2.13
00-0033887,2017,SF,Reuben Foster,5.17632,1.64283
00-0034754,2022,SF,Oren Burks,2.5,1.408
00-0034754,2023,SF,Oren Burks,2.441176,2.773
00-0030050,2016,SF,Ray-Ray Armstrong,1.2,0.866666
00-0028836,2016,SF,Michael Wilhoite,1.671,1.671
00-0035413,2025,SF,Luke Gifford,1.8,1.8
00-0031961,2017,SF,Mark Nzeocha,0.506471,0.506471
00-0031961,2018,SF,Mark Nzeocha,0.8,0.785
00-0031961,2019,SF,Mark Nzeocha,1.65,1.65
00-0031961,2020,SF,Mark Nzeocha,1.5,1.5
00-0031961,2021,SF,Mark Nzeocha,0.069,0.069
00-0035020,2019,SF,Demetrius Flannigan-Fowles,0.136,0.136
00-0035020,2020,SF,Demetrius Flannigan-Fowles,0.61,0.61
00-0035020,2021,SF,Demetrius Flannigan-Fowles,0.78,0.78
00-0035020,2022,SF,Demetrius Flannigan-Fowles,0.895,0.895
00-0035020,2023,SF,Demetrius Flannigan-Fowles,1.810882,1.825
00-0035020,2024,SF,Demetrius Flannigan-Fowles,1.935,1.2925
00-0034730,2018,SF,Marcell Harris,0.591241,0.466516
00-0034730,2019,SF,Marcell Harris,0.435882,0.435882
00-0034730,2020,SF,Marcell Harris,0.75,0.75
00-0034730,2021,SF,Marcell Harris,1.2,1.244118
00-0040135,2025,SF,Nick Martin,2.193787,1.134697
00-0032809,2020,SF,Joe Walker,0.533824,0.533824
00-0033973,2017,SF,Elijah Lee,0.437647,0.437647
00-0033973,2018,SF,Elijah Lee,0.555,0.555
00-0033973,2019,SF,Elijah Lee,0.303529,0.303529
00-0030385,2016,SF,Gerald Hodges,1.671,1.671
00-0036844,2025,SF,Garret Wallow,0.244444,0.244444
00-0031058,2016,SF,Carl Bradford,0.061765,0.061765
00-0036728,2021,SF,Curtis Robinson,0.0,0.100934
00-0036728,2022,SF,Curtis Robinson,0.023,0.023
00-0036728,2023,SF,Curtis Robinson,0.336666,0.336666
00-0036728,2024,SF,Curtis Robinson,0.63,0.63
00-0036728,2025,SF,Curtis Robinson,1.105,0.972778
00-0038625,2023,SF,Dee Winters,0.883332,0.783333
00-0038625,2024,SF,Dee Winters,0.915,0.948333
00-0038625,2025,SF,Dee Winters,1.03,1.063333
00-0038648,2023,SF,Jalen Graham,0.827784,0.769446
00-0038648,2024,SF,Jalen Graham,0.1525,0.1525
00-0038648,2025,SF,Jalen Graham,0.366666,0.366666
00-0035804,2020,SF,Jonas Griffith,0.0924,0.0924
00-0039435,2024,SF,Tatum Bethune,0.78653,0.725174
00-0039435,2025,SF,Tatum Bethune,0.96,0.980452
00-0031843,2018,SF,Ryan Delaire,0.037059,0.037059
00-0037526,2022,SF,Marcelino McCrary-Ball,0.207,0.207
00-0030768,2016,SF,Shayne Skov,0.411176,0.411176
00-0032960,2016,SF,Wynton McManis,0.052941,0.052941
00-0033320,2017,SF,Donavin Newsom,0.353,0.349666
00-0032084,2016,SF,Curtis Grant,0.1035,0.1035
00-0032670,2016,SF,Brandon Chubb,0.0138,0.0138
00-0028092,2018,SF,Richard Sherman,8.8,6.75
00-0028092,2019,SF,Richard Sherman,11.925,9.925
00-0028092,2020,SF,Richard Sherman,10.05,13.9875
00-0029285,2021,SF,Josh Norman,1.5,1.405882
00-0025405,2017,SF,Leon Hall,0.588235,0.361765
00-0029681,2022,SF,Janoris Jenkins,0.186044,0.161044
00-0036563,2021,SF,Deommodore Lenoir,0.944868,0.731217
00-0036563,2022,SF,Deommodore Lenoir,0.825,0.896217
00-0036563,2023,SF,Deommodore Lenoir,0.94,1.011217
00-0036563,2024,SF,Deommodore Lenoir,15.2,4.871217
00-0036563,2025,SF,Deommodore Lenoir,8.52,5.92
00-0034573,2022,SF,Charvarius Ward,13.5,3.88
00-0034573,2023,SF,Charvarius Ward,14.5,6.421
00-0034573,2024,SF,Charvarius Ward,12.9,18.401
00-0030411,2023,SF,Logan Ryan,0.323611,0.261111
00-0034384,2018,SF,D.J. Reed,0.791372,0.557843
00-0034384,2019,SF,D.J. Reed,0.57,0.647843
00-0030484,2020,SF,Jamar Taylor,0.655882,0.485294
00-0031334,2019,SF,Jason Verrett,2.0625,2.0625
00-0031334,2020,SF,Jason Verrett,1.0475,0.8875
00-0031334,2021,SF,Jason Verrett,4.558824,5.264706
00-0031334,2022,SF,Jason Verrett,0.586111,0.526111
00-0031334,2023,SF,Jason Verrett,0.126522,0.114022
00-0027375,2016,SF,Tramaine Brock,3.15,3.88
00-0034096,2018,SF,Emmanuel Moseley,0.199059,0.199059
00-0034096,2019,SF,Emmanuel Moseley,0.495,0.495
00-0034096,2020,SF,Emmanuel Moseley,0.675,0.675
00-0034096,2021,SF,Emmanuel Moseley,4.384,2.652
00-0034096,2022,SF,Emmanuel Moseley,4.647059,6.555529
00-0031380,2021,SF,Darqueze Dennard,0.014,0.014
00-0032379,2025,SF,Eli Apple,0.539166,0.501666
00-0031298,2016,SF,Jimmie Ward,1.066594,1.939781
00-0031298,2017,SF,Jimmie Ward,1.38989,2.263077
00-0031298,2018,SF,Jimmie Ward,8.526,8.526
00-0031298,2019,SF,Jimmie Ward,4.5,3.84375
00-0031298,2020,SF,Jimmie Ward,9.9375,3.9375
00-0031298,2021,SF,Jimmie Ward,9.0,5.110588
00-0031298,2022,SF,Jimmie Ward,9.361592,12.935588
00-0033783,2017,SF,Ahkello Witherspoon,1.438572,0.708393
00-0033783,2018,SF,Ahkello Witherspoon,0.638325,0.881718
00-0033783,2019,SF,Ahkello Witherspoon,0.815375,1.058768
00-0033783,2020,SF,Ahkello Witherspoon,2.133,2.376393
00-0031097,2023,SF,Terrance Mitchell,0.0,0.0
00-0035637,2024,SF,Rock Ya-Sin,1.19625,1.05625
00-0031253,2017,SF,K'Waun Williams,3.765,1.515
00-0031253,2018,SF,K'Waun Williams,1.51875,2.26875
00-0031253,2019,SF,K'Waun Williams,1.85,2.56875
00-0031253,2020,SF,K'Waun Williams,2.45,3.184375
00-0031253,2021,SF,K'Waun Williams,2.3775,1.1275
00-0034357,2023,SF,Isaiah Oliver,3.25,1.786
00-0034391,2025,SF,Siran Neal,2.45,1.65
00-0034780,2024,SF,Isaac Yiadom,3.0,1.9
00-0036589,2024,SF,Nick McCloud,0.351667,0.351667
00-0031061,2016,SF,Dontae Johnson,0.6,0.700136
00-0031061,2017,SF,Dontae Johnson,0.69,0.790136
00-0031061,2019,SF,Dontae Johnson,0.142059,0.113824
00-0031061,2020,SF,Dontae Johnson,0.856471,0.705882
00-0031061,2021,SF,Dontae Johnson,1.015278,0.802778
00-0031061,2022,SF,Dontae Johnson,0.485166,0.447666
00-0033545,2019,SF,Teez Tabor,0.104,0.104
00-0037008,2021,SF,Ambry Thomas,1.500616,0.870154
00-0037008,2022,SF,Ambry Thomas,0.877539,1.087693
00-0037008,2023,SF,Ambry Thomas,1.095078,1.305232
00-0039345,2024,SF,Renardo Green,2.26218,1.161795
00-0039345,2025,SF,Renardo Green,1.085449,1.452244
00-0033124,2016,SF,Will Redmond,1.205556,0.551139
00-0032410,2016,SF,Rashard Robinson,0.833392,0.545848
00-0033430,2017,SF,Greg Mabin,0.246176,0.246176
00-0033430,2018,SF,Greg Mabin,0.261176,0.261176
00-0032517,2020,SF,Briean Boddy-Calhoun,0.036,0.036
00-0029294,2017,SF,Asa Jackson,0.495059,0.411529
00-0037830,2022,SF,Samuel Womack,0.988324,0.775831
00-0037830,2023,SF,Samuel Womack,0.650555,0.721386
00-0035318,2020,SF,Ken Webster,0.635294,0.635294
00-0038594,2023,SF,Darrell Luter Jr.,0.896845,0.661711
00-0038594,2024,SF,Darrell Luter Jr.,0.915,0.993378
00-0038594,2025,SF,Darrell Luter Jr.,1.03,1.108378
00-0036101,2021,SF,Luq Barcoo,0.0644,0.0644
00-0037321,2024,SF,Chase Lucas,0.225,0.225
00-0037321,2025,SF,Chase Lucas,1.03,1.03
00-0039134,2025,SF,Tre Tomlinson,0.96,0.96
00-0031020,2016,SF,Keith Reaser,0.6,0.6412
00-0032137,2016,SF,JaCorey Shepherd,0.317647,0.317647
00-0035542,2023,SF,Kemon Hall,0.072,0.072
00-0037593,2024,SF,Tre Avery,0.054722,0.054722
00-0035885,2021,SF,Lavert Hill,0.0368,0.0368
00-0030917,2016,SF,Chris Davis,0.432706,0.432706
00-0034996,2019,SF,Tim Harris,0.536308,0.417577
00-0034996,2020,SF,Tim Harris,0.197764,0.197764
00-0034425,2019,SF,Jermaine Kelly,0.024,0.024
00-0040559,2025,SF,Jakob Robinson,0.51,0.496666
00-0032479,2017,SF,Tyvis Powell,0.095294,0.095294
00-0032479,2018,SF,Tyvis Powell,0.074118,0.074118
00-0040659,2025,SF,Derrick Canteen,0.182,0.182
00-0033652,2017,SF,Channing Stribling,0.036,0.036
00-0034095,2018,SF,Tarvarus McFadden,0.0608,0.0608
00-0032290,2017,SF,Trovon Reed,0.0144,0.0144
00-0032735,2016,SF,Duke Thomas,0.0138,0.0138
00-0032456,2016,SF,Prince Charles Iworah,0.052941,0.052941
00-0024421,2016,SF,Antoine Bethea,5.0,6.025
00-0036564,2021,SF,Talanoa Hufanga,0.900152,0.720038
00-0036564,2022,SF,Talanoa Hufanga,0.825,0.885038
00-0036564,2023,SF,Talanoa Hufanga,0.94,1.000038
00-0036564,2024,SF,Talanoa Hufanga,4.89,4.950038
00-0028924,2022,SF,Tashaun Gipson,1.057778,0.845278
00-0028924,2023,SF,Tashaun Gipson,2.86,2.1
00-0028924,2024,SF,Tashaun Gipson,0.470556,0.470556
00-0030548,2016,SF,Eric Reid,1.561467,2.698422
00-0030548,2017,SF,Eric Reid,5.676,5.676
00-0032057,2016,SF,Jaquiski Tartt,0.663955,1.144776
00-0032057,2017,SF,Jaquiski Tartt,0.89291,1.373731
00-0032057,2019,SF,Jaquiski Tartt,3.475,4.85
00-0032057,2020,SF,Jaquiski Tartt,4.9,6.275
00-0032057,2021,SF,Jaquiski Tartt,1.1275,0.9875
00-0029410,2021,SF,Tavon Wilson,1.125,0.9
00-0034091,2022,SF,George Odum,3.285,1.435
00-0034091,2023,SF,George Odum,1.69,2.34
00-0034091,2024,SF,George Odum,3.795,2.561666
00-0032320,2023,SF,Erik Harris,0.242466,0.204966
00-0032525,2021,SF,Jarrod Wilson,0.0,0.0
00-0030395,2017,SF,Don Jones,1.025,0.98125
00-0036502,2025,SF,Jason Pinnock,2.2,2.2
00-0038554,2023,SF,Ji'Ayir Brown,1.67422,0.981055
00-0038554,2024,SF,Ji'Ayir Brown,0.995264,1.226319
00-0038554,2025,SF,Ji'Ayir Brown,1.240528,1.471583
00-0033302,2017,SF,Adrian Colbert,0.5498,0.4862
00-0033302,2018,SF,Adrian Colbert,0.450882,0.472082
00-0040152,2025,SF,Upton Stout,1.96086,1.120215
00-0032697,2021,SF,Doug Middleton,0.084,0.084
00-0036638,2025,SF,Darrick Forrest,0.0,0.0
00-0034263,2018,SF,Tarvarius Moore,1.264372,0.676093
00-0034263,2019,SF,Tarvarius Moore,0.603,0.799093
00-0034263,2020,SF,Tarvarius Moore,0.75,0.946093
00-0034263,2021,SF,Tarvarius Moore,0.92,1.116093
00-0034263,2022,SF,Tarvarius Moore,1.035,1.035
00-0033649,2020,SF,Kai Nacua,0.198529,0.198529
00-0039360,2024,SF,Malik Mustapha,1.533936,0.979734
00-0039360,2025,SF,Malik Mustapha,0.836389,1.021123
00-0031267,2017,SF,Antone Exum,0.289412,0.289412
00-0031267,2018,SF,Antone Exum,0.705,0.705
00-0035808,2020,SF,Jared Mayden,0.197764,0.197764
00-0031072,2016,SF,Vinnie Sunseri,0.185294,0.185294
00-0030317,2016,SF,Marcus Cromartie,0.6,0.6
00-0040185,2025,SF,Marques Sigle,1.242376,0.940594
00-0037521,2022,SF,Tayler Hawkins,0.207,0.207
00-0037521,2023,SF,Tayler Hawkins,0.161667,0.161667
00-0037522,2022,SF,Qwuantrezz Knight,0.207,0.207
00-0039697,2024,SF,Jaylen Mahoney,0.320001,0.320001
00-0030640,2016,SF,Marcus Ball,0.154412,0.154412
00-0033022,2020,SF,Chris Edwards,0.042,0.042
00-0032322,2017,SF,Dexter McCoil,0.381176,0.381176
00-0033495,2017,SF,Chanceller James,0.348,0.348
00-0034569,2018,SF,Tyree Robinson,0.084706,0.084706
00-0034078,2018,SF,Terrell Williams,0.0304,0.0304
00-0004091,2016,SF,Phil Dawson,3.134,3.134
00-0023252,2017,SF,Robbie Gould,2.0,1.75
00-0023252,2018,SF,Robbie Gould,2.0,2.25
00-0023252,2019,SF,Robbie Gould,6.15,3.9
00-0023252,2020,SF,Robbie Gould,6.5,5.731372
00-0023252,2021,SF,Robbie Gould,1.1,2.609313
00-0023252,2022,SF,Robbie Gould,4.0,5.509313
00-0034173,2025,SF,Eddy Pineiro,1.105,0.972778
00-0038562,2023,SF,Jake Moody,1.607512,0.964378
00-0038562,2024,SF,Jake Moody,0.991095,1.205473
00-0034909,2020,SF,Tristan Vizcaino,0.035882,0.035882
00-0027114,2025,SF,Thomas Morstead,1.255,1.03
00-0032065,2016,SF,Bradley Pinion,0.525,0.57355
00-0032065,2017,SF,Bradley Pinion,0.615,0.66355
00-0032065,2018,SF,Bradley Pinion,0.705,0.75355
00-0034941,2019,SF,Mitch Wishnowsky,1.259072,0.686018
00-0034941,2020,SF,Mitch Wishnowsky,0.675,0.866018
00-0034941,2021,SF,Mitch Wishnowsky,0.85,1.041018
00-0034941,2022,SF,Mitch Wishnowsky,3.715,1.706018
00-0034941,2023,SF,Mitch Wishnowsky,1.15,1.8
00-0034941,2024,SF,Mitch Wishnowsky,2.275,1.945
00-0031079,2024,SF,Pat O'Donnell,0.537778,0.437778
00-0032896,2020,SF,Drew Kaser,0.0084,0.0084
00-0034606,2021,SF,Ryan Winslow,0.0,0.0
00-0027224,2025,SF,Jon Weeks,1.4225,1.1975
00-0028374,2016,SF,Kyle Nelson,0.82,0.97
00-0028374,2017,SF,Kyle Nelson,1.0,1.15
00-0028374,2018,SF,Kyle Nelson,0.770588,0.920588
00-0028374,2019,SF,Kyle Nelson,1.051765,1.051765
00-0033199,2020,SF,Taybor Pepper,0.617647,0.617647
00-0033199,2021,SF,Taybor Pepper,1.0,0.96
00-0033199,2022,SF,Taybor Pepper,1.08,1.12
00-0033199,2023,SF,Taybor Pepper,1.53,1.229999
00-0033199,2024,SF,Taybor Pepper,1.125,1.299999
00-0033531,2018,SF,Colin Holba,0.130588,0.130588
00-0033531,2020,SF,Colin Holba,0.048529,0.048529
