season,team,games,observed_games,out_designations,out_per_observed_game,musculoskeletal_out_per_game,out_excluding_noninjury_per_game,reserve_per_game,win_share,coverage,rank_out
2016,ARI,16,16,21.0,1.3125,1.0625,1.3125,9.375,0.46875,1.0,25.0
2016,ATL,16,16,32.0,2.0,1.8125,2.0,6.25,0.6875,1.0,15.0
2016,BAL,16,16,30.0,1.875,1.8125,1.875,13.9375,0.5,1.0,19.0
2016,BUF,16,16,32.0,2.0,1.5,1.9375,10.3125,0.4375,1.0,15.0
2016,CAR,16,16,39.0,2.4375,1.4375,2.375,8.25,0.375,1.0,9.0
2016,CHI,16,16,13.0,0.8125,0.625,0.8125,12.75,0.1875,1.0,31.0
2016,CIN,16,16,20.0,1.25,1.1875,1.25,4.5625,0.40625,1.0,26.0
2016,CLE,16,16,32.0,2.0,1.6875,2.0,10.75,0.0625,1.0,15.0
2016,DAL,16,16,49.0,3.0625,2.75,3.0625,7.0,0.8125,1.0,3.0
2016,DEN,16,16,34.0,2.125,1.4375,2.125,3.75,0.5625,1.0,13.0
2016,DET,16,16,22.0,1.375,1.1875,1.375,7.5,0.5625,1.0,24.0
2016,GB,16,16,42.0,2.625,2.3125,2.625,4.5625,0.625,1.0,6.0
2016,HOU,16,16,47.0,2.9375,2.3125,2.8125,10.1875,0.5625,1.0,4.0
2016,IND,16,16,55.0,3.4375,2.6875,3.25,6.375,0.5,1.0,2.0
2016,JAX,16,16,32.0,2.0,1.5625,1.9375,6.5,0.1875,1.0,15.0
2016,KC,16,16,26.0,1.625,1.4375,1.625,7.1875,0.75,1.0,22.0
2016,LA,16,16,12.0,0.75,0.6875,0.75,6.9375,0.25,1.0,32.0
2016,LAC,16,16,33.0,2.0625,1.1875,2.0625,16.4375,0.3125,1.0,14.0
2016,LV,16,16,30.0,1.875,1.875,1.875,5.8125,0.75,1.0,19.0
2016,MIA,16,16,29.0,1.8125,1.3125,1.75,4.25,0.625,1.0,21.0
2016,MIN,16,16,41.0,2.5625,2.125,2.5625,8.5,0.5,1.0,7.0
2016,NE,16,16,16.0,1.0,0.8125,1.0,4.125,0.875,1.0,28.0
2016,NO,16,16,37.0,2.3125,1.875,2.25,10.75,0.4375,1.0,11.0
2016,NYG,16,16,39.0,2.4375,1.1875,2.1875,9.125,0.6875,1.0,9.0
2016,NYJ,16,16,46.0,2.875,2.375,2.875,7.8125,0.3125,1.0,5.0
2016,PHI,16,16,20.0,1.25,1.1875,1.25,4.8125,0.4375,1.0,26.0
2016,PIT,16,16,62.0,3.875,3.5,3.875,9.4375,0.6875,1.0,1.0
2016,SEA,16,16,41.0,2.5625,2.0625,2.5625,11.75,0.65625,1.0,7.0
2016,SF,16,16,15.0,0.9375,0.75,0.9375,8.625,0.125,1.0,30.0
2016,TB,16,16,36.0,2.25,1.75,2.25,6.125,0.5625,1.0,12.0
2016,TEN,16,16,16.0,1.0,0.8125,1.0,4.875,0.5625,1.0,28.0
2016,WAS,16,16,26.0,1.625,0.875,1.5625,8.5625,0.53125,1.0,22.0
2017,ARI,16,16,29.0,1.8125,1.75,1.8125,8.375,0.5,1.0,12.0
2017,ATL,16,16,27.0,1.6875,1.125,1.6875,4.8125,0.625,1.0,15.0
2017,BAL,16,16,27.0,1.6875,1.5,1.625,13.5625,0.5625,1.0,15.0
2017,BUF,16,16,34.0,2.125,1.5625,2.125,4.0625,0.5625,1.0,7.0
2017,CAR,16,16,30.0,1.875,1.4375,1.8125,12.4375,0.6875,1.0,11.0
2017,CHI,16,16,6.0,0.375,0.25,0.375,9.6875,0.3125,1.0,32.0
2017,CIN,16,16,47.0,2.9375,2.4375,2.9375,6.4375,0.4375,1.0,3.0
2017,CLE,16,16,10.0,0.625,0.4375,0.625,8.0625,0.0,1.0,30.0
2017,DAL,16,16,24.0,1.5,1.125,1.4375,5.0625,0.5625,1.0,22.0
2017,DEN,16,16,34.0,2.125,2.125,2.125,6.1875,0.3125,1.0,7.0
2017,DET,16,16,26.0,1.625,1.3125,1.625,10.5,0.5625,1.0,20.0
2017,GB,16,16,31.0,1.9375,1.6875,1.9375,8.125,0.4375,1.0,10.0
2017,HOU,16,16,51.0,3.1875,2.25,3.1875,8.5,0.25,1.0,2.0
2017,IND,16,16,63.0,3.9375,3.375,3.9375,10.875,0.25,1.0,1.0
2017,JAX,16,16,21.0,1.3125,0.875,1.1875,11.625,0.625,1.0,24.0
2017,KC,16,16,28.0,1.75,1.4375,1.625,7.6875,0.625,1.0,13.0
2017,LA,16,15,8.0,0.5333333333333333,0.4666666666666667,0.5333333333333333,5.5625,0.6875,0.9375,31.0
2017,LAC,16,16,14.0,0.875,0.8125,0.875,10.5625,0.5625,1.0,29.0
2017,LV,16,16,23.0,1.4375,1.0625,1.4375,4.1875,0.375,1.0,23.0
2017,MIA,16,16,16.0,1.0,0.9375,1.0,9.4375,0.375,1.0,28.0
2017,MIN,16,16,27.0,1.6875,1.5,1.6875,4.1875,0.8125,1.0,15.0
2017,NE,16,16,34.0,2.125,2.0,2.0,8.4375,0.8125,1.0,7.0
2017,NO,16,16,26.0,1.625,1.25,1.5625,11.0,0.6875,1.0,20.0
2017,NYG,16,16,41.0,2.5625,2.0,2.5625,14.1875,0.1875,1.0,4.0
2017,NYJ,16,16,28.0,1.75,1.25,1.6875,11.75,0.3125,1.0,13.0
2017,PHI,16,16,18.0,1.125,1.0625,1.125,7.625,0.8125,1.0,26.0
2017,PIT,16,16,21.0,1.3125,1.0625,1.25,5.0,0.8125,1.0,24.0
2017,SEA,16,16,27.0,1.6875,1.4375,1.6875,10.75,0.5625,1.0,15.0
2017,SF,16,16,27.0,1.6875,1.5625,1.6875,16.125,0.375,1.0,15.0
2017,TB,16,16,38.0,2.375,1.75,2.375,9.3125,0.3125,1.0,5.0
2017,TEN,16,16,18.0,1.125,1.125,1.125,5.75,0.5625,1.0,26.0
2017,WAS,16,16,38.0,2.375,1.625,2.25,9.875,0.4375,1.0,5.0
2018,ARI,16,16,21.0,1.3125,1.0625,1.3125,8.625,0.1875,1.0,22.0
2018,ATL,16,16,28.0,1.75,1.75,1.75,5.0,0.4375,1.0,16.0
2018,BAL,16,16,26.0,1.625,1.625,1.625,7.6875,0.625,1.0,18.0
2018,BUF,16,16,24.0,1.5,1.0625,1.4375,2.75,0.375,1.0,19.0
2018,CAR,16,16,29.0,1.8125,1.3125,1.5,10.1875,0.4375,1.0,13.0
2018,CHI,16,16,15.0,0.9375,0.5625,0.9375,4.9375,0.75,1.0,27.0
2018,CIN,16,16,47.0,2.9375,2.4375,2.9375,9.25,0.375,1.0,4.0
2018,CLE,16,16,24.0,1.5,1.125,1.5,6.625,0.46875,1.0,19.0
2018,DAL,16,16,52.0,3.25,2.875,2.875,8.5,0.625,1.0,3.0
2018,DEN,16,16,29.0,1.8125,1.5625,1.8125,8.6875,0.375,1.0,13.0
2018,DET,16,16,33.0,2.0625,1.875,2.0625,4.75,0.375,1.0,9.0
2018,GB,16,16,20.0,1.25,1.25,1.25,7.875,0.40625,1.0,24.0
2018,HOU,16,16,21.0,1.3125,1.125,1.1875,5.25,0.6875,1.0,22.0
2018,IND,16,16,60.0,3.75,3.3125,3.625,12.125,0.625,1.0,1.0
2018,JAX,16,16,36.0,2.25,2.125,2.25,10.375,0.3125,1.0,6.0
2018,KC,16,16,13.0,0.8125,0.375,0.8125,9.5625,0.75,1.0,29.0
2018,LA,16,16,11.0,0.6875,0.6875,0.6875,7.375,0.8125,1.0,30.0
2018,LAC,16,16,31.0,1.9375,1.8125,1.8125,6.5625,0.75,1.0,11.0
2018,LV,16,16,11.0,0.6875,0.6875,0.6875,11.5625,0.25,1.0,30.0
2018,MIA,16,16,20.0,1.25,1.1875,1.25,8.625,0.4375,1.0,24.0
2018,MIN,16,16,46.0,2.875,2.5625,2.625,8.5625,0.53125,1.0,5.0
2018,NE,16,16,10.0,0.625,0.5,0.625,8.8125,0.6875,1.0,32.0
2018,NO,16,16,20.0,1.25,1.1875,1.25,7.3125,0.8125,1.0,24.0
2018,NYG,16,16,30.0,1.875,1.5,1.875,7.375,0.3125,1.0,12.0
2018,NYJ,16,16,27.0,1.6875,0.9375,1.6875,5.25,0.25,1.0,17.0
2018,PHI,16,16,55.0,3.4375,3.4375,3.4375,8.5,0.5625,1.0,2.0
2018,PIT,16,16,15.0,0.9375,0.9375,0.9375,8.5625,0.59375,1.0,27.0
2018,SEA,16,16,22.0,1.375,1.3125,1.375,8.4375,0.625,1.0,21.0
2018,SF,16,16,32.0,2.0,1.625,1.9375,7.25,0.25,1.0,10.0
2018,TB,16,16,35.0,2.1875,1.9375,2.1875,9.4375,0.3125,1.0,7.0
2018,TEN,16,16,34.0,2.125,1.875,2.0,7.375,0.5625,1.0,8.0
2018,WAS,16,16,29.0,1.8125,1.4375,1.8125,12.5625,0.4375,1.0,13.0
2019,ARI,16,16,28.0,1.75,1.6875,1.6875,9.1875,0.34375,1.0,18.0
2019,ATL,16,16,34.0,2.125,1.5625,2.0,12.6875,0.4375,1.0,13.0
2019,BAL,16,16,10.0,0.625,0.5625,0.625,7.625,0.875,1.0,32.0
2019,BUF,16,16,19.0,1.1875,1.125,1.1875,5.3125,0.625,1.0,28.0
2019,CAR,16,16,39.0,2.4375,1.75,2.375,9.375,0.3125,1.0,9.0
2019,CHI,16,16,34.0,2.125,1.4375,2.125,4.8125,0.5,1.0,13.0
2019,CIN,16,16,58.0,3.625,2.625,3.5625,6.9375,0.125,1.0,1.0
2019,CLE,16,16,25.0,1.5625,1.3125,1.5625,7.5,0.375,1.0,20.0
2019,DAL,16,16,28.0,1.75,1.625,1.75,10.1875,0.5,1.0,18.0
2019,DEN,16,16,34.0,2.125,1.8125,2.0625,12.25,0.4375,1.0,13.0
2019,DET,16,16,38.0,2.375,2.125,2.375,6.125,0.21875,1.0,10.0
2019,GB,16,16,18.0,1.125,0.8125,1.125,6.75,0.8125,1.0,29.0
2019,HOU,16,16,21.0,1.3125,0.75,1.25,11.4375,0.625,1.0,27.0
2019,IND,16,16,38.0,2.375,2.0,2.375,9.9375,0.4375,1.0,10.0
2019,JAX,16,16,25.0,1.5625,1.5,1.5625,13.0625,0.375,1.0,20.0
2019,KC,16,16,41.0,2.5625,2.4375,2.4375,8.875,0.75,1.0,8.0
2019,LA,16,16,23.0,1.4375,1.0,1.4375,5.75,0.5625,1.0,26.0
2019,LAC,16,16,25.0,1.5625,1.1875,1.1875,9.3125,0.3125,1.0,20.0
2019,LV,16,16,24.0,1.5,1.5,1.4375,10.125,0.4375,1.0,23.0
2019,MIA,16,16,24.0,1.5,0.8125,1.0625,10.8125,0.3125,1.0,23.0
2019,MIN,16,16,24.0,1.5,1.125,1.5,2.4375,0.625,1.0,23.0
2019,NE,16,16,14.0,0.875,0.625,0.8125,10.625,0.75,1.0,30.0
2019,NO,16,16,47.0,2.9375,2.25,2.9375,8.375,0.8125,1.0,4.0
2019,NYG,16,16,44.0,2.75,1.4375,2.75,10.625,0.25,1.0,6.0
2019,NYJ,16,16,34.0,2.125,1.625,1.8125,10.375,0.4375,1.0,13.0
2019,PHI,16,16,47.0,2.9375,2.8125,2.875,6.8125,0.5625,1.0,4.0
2019,PIT,16,16,32.0,2.0,1.75,2.0,5.25,0.5,1.0,17.0
2019,SEA,16,16,14.0,0.875,0.75,0.875,11.875,0.6875,1.0,30.0
2019,SF,16,16,48.0,3.0,2.625,3.0,10.5,0.8125,1.0,3.0
2019,TB,16,16,43.0,2.6875,2.4375,2.6875,8.5,0.4375,1.0,7.0
2019,TEN,16,16,37.0,2.3125,2.0625,2.25,6.25,0.5625,1.0,12.0
2019,WAS,16,16,52.0,3.25,1.8125,3.25,11.125,0.1875,1.0,2.0
2020,ARI,16,16,29.0,1.8125,1.6875,1.75,7.1875,0.5,1.0,14.0
2020,ATL,16,16,33.0,2.0625,1.75,2.0,2.0625,0.25,1.0,9.0
2020,BAL,16,16,11.0,0.6875,0.6875,0.6875,11.125,0.6875,1.0,31.0
2020,BUF,16,16,31.0,1.9375,1.8125,1.9375,6.25,0.8125,1.0,13.0
2020,CAR,16,16,12.0,0.75,0.5625,0.75,7.5625,0.3125,1.0,30.0
2020,CHI,16,16,19.0,1.1875,0.875,1.1875,9.0625,0.5,1.0,24.0
2020,CIN,16,16,33.0,2.0625,1.5,2.0,8.6875,0.28125,1.0,9.0
2020,CLE,16,16,39.0,2.4375,2.0625,2.3125,10.875,0.6875,1.0,4.0
2020,DAL,16,16,19.0,1.1875,1.0625,1.1875,12.25,0.375,1.0,24.0
2020,DEN,16,16,21.0,1.3125,1.0625,1.3125,13.625,0.3125,1.0,22.0
2020,DET,16,16,39.0,2.4375,2.3125,2.4375,8.1875,0.3125,1.0,4.0
2020,GB,16,16,26.0,1.625,1.25,1.5625,9.0625,0.8125,1.0,17.0
2020,HOU,16,16,14.0,0.875,0.375,0.625,9.0625,0.25,1.0,26.0
2020,IND,16,16,23.0,1.4375,1.0625,1.1875,7.125,0.6875,1.0,20.0
2020,JAX,16,16,36.0,2.25,1.875,2.1875,13.0625,0.0625,1.0,7.0
2020,KC,16,16,27.0,1.6875,1.625,1.625,6.0625,0.875,1.0,16.0
2020,LA,16,16,8.0,0.5,0.4375,0.5,6.0,0.625,1.0,32.0
2020,LAC,16,16,28.0,1.75,1.375,1.625,7.5625,0.4375,1.0,15.0
2020,LV,16,16,23.0,1.4375,1.375,1.4375,7.9375,0.5,1.0,20.0
2020,MIA,16,16,14.0,0.875,0.6875,0.75,5.875,0.625,1.0,26.0
2020,MIN,16,15,37.0,2.466666666666667,1.9333333333333333,2.2,8.4375,0.4375,0.9375,3.0
2020,NE,16,16,20.0,1.25,0.75,1.0,14.5625,0.4375,1.0,23.0
2020,NO,16,16,39.0,2.4375,2.0625,2.4375,8.75,0.75,1.0,4.0
2020,NYG,16,16,14.0,0.875,0.75,0.8125,11.4375,0.375,1.0,26.0
2020,NYJ,16,16,26.0,1.625,1.25,1.4375,10.875,0.125,1.0,17.0
2020,PHI,16,16,60.0,3.75,3.4375,3.5,11.75,0.28125,1.0,2.0
2020,PIT,16,16,24.0,1.5,1.25,1.375,4.875,0.75,1.0,19.0
2020,SEA,16,16,32.0,2.0,1.8125,2.0,11.5,0.75,1.0,12.0
2020,SF,16,16,63.0,3.9375,3.3125,3.6875,16.9375,0.375,1.0,1.0
2020,TB,16,16,14.0,0.875,0.5625,0.75,6.75,0.6875,1.0,26.0
2020,TEN,16,16,36.0,2.25,1.8125,2.0625,7.0,0.6875,1.0,7.0
2020,WAS,16,16,33.0,2.0625,1.6875,1.75,11.5,0.4375,1.0,9.0
2021,ARI,17,17,37.0,2.176470588235294,1.8235294117647058,2.0,9.176470588235293,0.6470588235294118,1.0,6.0
2021,ATL,17,17,21.0,1.2352941176470589,0.8823529411764706,1.0588235294117647,8.294117647058824,0.4117647058823529,1.0,20.0
2021,BAL,17,17,25.0,1.4705882352941178,1.4705882352941178,1.4705882352941178,18.941176470588236,0.47058823529411764,1.0,17.0
2021,BUF,17,17,11.0,0.6470588235294118,0.5882352941176471,0.6470588235294118,4.0,0.6470588235294118,1.0,30.0
2021,CAR,17,17,19.0,1.1176470588235294,0.8823529411764706,1.1176470588235294,11.588235294117647,0.29411764705882354,1.0,22.0
2021,CHI,17,17,32.0,1.8823529411764706,1.4705882352941178,1.7647058823529411,7.647058823529412,0.35294117647058826,1.0,12.0
2021,CIN,17,17,17.0,1.0,1.0,1.0,8.411764705882353,0.5882352941176471,1.0,25.0
2021,CLE,17,17,35.0,2.0588235294117645,1.5294117647058822,1.8823529411764706,11.705882352941176,0.47058823529411764,1.0,9.0
2021,DAL,17,17,17.0,1.0,0.8235294117647058,0.8235294117647058,15.411764705882353,0.7058823529411765,1.0,25.0
2021,DEN,17,17,14.0,0.8235294117647058,0.5294117647058824,0.8235294117647058,15.705882352941176,0.4117647058823529,1.0,29.0
2021,DET,17,17,29.0,1.7058823529411764,1.3529411764705883,1.588235294117647,15.470588235294118,0.20588235294117646,1.0,13.0
2021,GB,17,17,28.0,1.6470588235294117,1.4705882352941178,1.588235294117647,9.294117647058824,0.7647058823529411,1.0,15.0
2021,HOU,17,17,38.0,2.235294117647059,0.6470588235294118,1.0,9.705882352941176,0.23529411764705882,1.0,5.0
2021,IND,17,17,36.0,2.1176470588235294,1.7058823529411764,1.8235294117647058,11.294117647058824,0.5294117647058824,1.0,8.0
2021,JAX,17,17,16.0,0.9411764705882353,0.6470588235294118,0.7647058823529411,8.882352941176471,0.17647058823529413,1.0,28.0
2021,KC,17,17,21.0,1.2352941176470589,1.0588235294117647,1.1176470588235294,5.529411764705882,0.7058823529411765,1.0,20.0
2021,LA,17,17,6.0,0.35294117647058826,0.17647058823529413,0.29411764705882354,10.0,0.7058823529411765,1.0,32.0
2021,LAC,17,17,18.0,1.0588235294117647,0.7058823529411765,1.0588235294117647,6.0588235294117645,0.5294117647058824,1.0,23.0
2021,LV,17,17,29.0,1.7058823529411764,1.588235294117647,1.7058823529411764,10.823529411764707,0.5882352941176471,1.0,13.0
2021,MIA,17,17,10.0,0.5882352941176471,0.4117647058823529,0.5294117647058824,9.0,0.5294117647058824,1.0,31.0
2021,MIN,17,17,25.0,1.4705882352941178,1.3529411764705883,1.411764705882353,12.529411764705882,0.47058823529411764,1.0,17.0
2021,NE,17,17,18.0,1.0588235294117647,0.6470588235294118,1.0,14.882352941176471,0.5882352941176471,1.0,23.0
2021,NO,17,17,49.0,2.8823529411764706,2.7058823529411766,2.8823529411764706,13.352941176470589,0.5294117647058824,1.0,3.0
2021,NYG,17,17,51.0,3.0,2.9411764705882355,2.764705882352941,16.764705882352942,0.23529411764705882,1.0,2.0
2021,NYJ,17,17,23.0,1.3529411764705883,0.8235294117647058,1.2352941176470589,17.235294117647058,0.23529411764705882,1.0,19.0
2021,PHI,17,17,17.0,1.0,0.8823529411764706,0.8823529411764706,8.294117647058824,0.5294117647058824,1.0,25.0
2021,PIT,17,17,35.0,2.0588235294117645,1.8235294117647058,1.9411764705882353,9.058823529411764,0.5588235294117647,1.0,9.0
2021,SEA,17,17,27.0,1.588235294117647,1.3529411764705883,1.5294117647058822,8.882352941176471,0.4117647058823529,1.0,16.0
2021,SF,17,17,42.0,2.4705882352941178,2.411764705882353,2.4705882352941178,11.882352941176471,0.5882352941176471,1.0,4.0
2021,TB,17,17,34.0,2.0,1.7647058823529411,1.9411764705882353,9.235294117647058,0.7647058823529411,1.0,11.0
2021,TEN,17,17,62.0,3.6470588235294117,3.1176470588235294,3.5294117647058822,15.294117647058824,0.7058823529411765,1.0,1.0
2021,WAS,17,17,37.0,2.176470588235294,1.7058823529411764,2.0,13.764705882352942,0.4117647058823529,1.0,6.0
2022,ARI,17,17,60.0,3.5294117647058822,3.235294117647059,3.5294117647058822,11.294117647058824,0.23529411764705882,1.0,2.0
2022,ATL,17,17,20.0,1.1764705882352942,1.0,1.1176470588235294,9.294117647058824,0.4117647058823529,1.0,24.0
2022,BAL,17,17,22.0,1.2941176470588236,1.2352941176470589,1.2352941176470589,12.117647058823529,0.5882352941176471,1.0,21.0
2022,BUF,16,16,31.0,1.9375,1.875,1.9375,6.0,0.8125,1.0,13.0
2022,CAR,17,17,19.0,1.1176470588235294,0.8235294117647058,0.9411764705882353,6.9411764705882355,0.4117647058823529,1.0,27.0
2022,CHI,17,16,25.0,1.5625,0.9375,1.4375,7.588235294117647,0.17647058823529413,0.9411764705882353,16.0
2022,CIN,16,16,23.0,1.4375,1.375,1.4375,8.4375,0.75,1.0,18.0
2022,CLE,17,17,26.0,1.5294117647058822,0.7647058823529411,1.411764705882353,12.470588235294118,0.4117647058823529,1.0,17.0
2022,DAL,17,17,22.0,1.2941176470588236,1.0,1.2941176470588236,10.705882352941176,0.7058823529411765,1.0,21.0
2022,DEN,17,17,49.0,2.8823529411764706,2.7058823529411766,2.823529411764706,13.705882352941176,0.29411764705882354,1.0,9.0
2022,DET,17,17,52.0,3.0588235294117645,2.8823529411764706,3.0,10.823529411764707,0.5294117647058824,1.0,6.0
2022,GB,17,17,20.0,1.1764705882352942,1.1176470588235294,1.0588235294117647,6.0588235294117645,0.47058823529411764,1.0,24.0
2022,HOU,17,17,39.0,2.2941176470588234,1.9411764705882353,2.176470588235294,8.470588235294118,0.20588235294117646,1.0,11.0
2022,IND,17,17,39.0,2.2941176470588234,1.9411764705882353,2.235294117647059,6.176470588235294,0.2647058823529412,1.0,11.0
2022,JAX,17,15,10.0,0.6666666666666666,0.4666666666666667,0.4666666666666667,4.588235294117647,0.5294117647058824,0.8823529411764706,32.0
2022,KC,17,17,17.0,1.0,0.8235294117647058,0.9411764705882353,4.882352941176471,0.8235294117647058,1.0,29.0
2022,LA,17,17,56.0,3.2941176470588234,3.0,3.1176470588235294,12.411764705882353,0.29411764705882354,1.0,5.0
2022,LAC,17,17,23.0,1.3529411764705883,1.1176470588235294,1.3529411764705883,10.647058823529411,0.5882352941176471,1.0,19.0
2022,LV,17,17,19.0,1.1176470588235294,0.7058823529411765,1.1176470588235294,7.9411764705882355,0.35294117647058826,1.0,27.0
2022,MIA,17,17,16.0,0.9411764705882353,0.4117647058823529,0.8235294117647058,9.176470588235293,0.5294117647058824,1.0,30.0
2022,MIN,17,17,21.0,1.2352941176470589,0.9411764705882353,1.2352941176470589,7.705882352941177,0.7647058823529411,1.0,23.0
2022,NE,17,17,28.0,1.6470588235294117,1.0,1.6470588235294117,10.294117647058824,0.47058823529411764,1.0,15.0
2022,NO,17,17,58.0,3.411764705882353,2.9411764705882355,3.2941176470588234,9.764705882352942,0.4117647058823529,1.0,4.0
2022,NYG,17,17,59.0,3.4705882352941178,3.0,3.411764705882353,10.647058823529411,0.5588235294117647,1.0,3.0
2022,NYJ,17,17,30.0,1.7647058823529411,1.588235294117647,1.7058823529411764,9.470588235294118,0.4117647058823529,1.0,14.0
2022,PHI,17,17,23.0,1.3529411764705883,1.2352941176470589,1.3529411764705883,6.705882352941177,0.8235294117647058,1.0,19.0
2022,PIT,17,17,20.0,1.1764705882352942,1.0,1.1764705882352942,7.705882352941177,0.5294117647058824,1.0,24.0
2022,SEA,17,17,14.0,0.8235294117647058,0.7058823529411765,0.7647058823529411,12.117647058823529,0.5294117647058824,1.0,31.0
2022,SF,17,17,51.0,3.0,2.9411764705882355,3.0,8.470588235294118,0.7647058823529411,1.0,7.0
2022,TB,17,17,45.0,2.6470588235294117,2.4705882352941178,2.6470588235294117,5.529411764705882,0.47058823529411764,1.0,10.0
2022,TEN,17,17,71.0,4.176470588235294,3.588235294117647,4.176470588235294,14.647058823529411,0.4117647058823529,1.0,1.0
2022,WAS,17,17,50.0,2.9411764705882355,2.3529411764705883,2.9411764705882355,10.117647058823529,0.5,1.0,8.0
2023,ARI,17,17,44.0,2.588235294117647,2.3529411764705883,2.4705882352941178,12.235294117647058,0.23529411764705882,1.0,3.0
2023,ATL,17,16,19.0,1.1875,0.9375,1.125,10.176470588235293,0.4117647058823529,0.9411764705882353,26.0
2023,BAL,17,17,36.0,2.1176470588235294,1.7647058823529411,2.0,10.117647058823529,0.7647058823529411,1.0,10.0
2023,BUF,17,17,17.0,1.0,0.9411764705882353,1.0,8.176470588235293,0.6470588235294118,1.0,30.0
2023,CAR,17,17,37.0,2.176470588235294,1.6470588235294117,2.176470588235294,10.352941176470589,0.11764705882352941,1.0,8.0
2023,CHI,17,17,38.0,2.235294117647059,1.411764705882353,1.8823529411764706,4.117647058823529,0.4117647058823529,1.0,7.0
2023,CIN,17,17,18.0,1.0588235294117647,1.0,1.0588235294117647,4.411764705882353,0.5294117647058824,1.0,29.0
2023,CLE,17,17,36.0,2.1176470588235294,1.7058823529411764,2.0588235294117645,11.058823529411764,0.6470588235294118,1.0,10.0
2023,DAL,17,17,10.0,0.5882352941176471,0.5882352941176471,0.5882352941176471,8.764705882352942,0.7058823529411765,1.0,32.0
2023,DEN,17,17,25.0,1.4705882352941178,1.1764705882352942,1.2941176470588236,9.294117647058824,0.47058823529411764,1.0,23.0
2023,DET,17,17,43.0,2.5294117647058822,2.3529411764705883,2.2941176470588234,9.705882352941176,0.7058823529411765,1.0,4.0
2023,GB,17,17,19.0,1.1176470588235294,1.0588235294117647,1.0588235294117647,5.0,0.5294117647058824,1.0,28.0
2023,HOU,17,17,49.0,2.8823529411764706,2.4705882352941178,2.823529411764706,14.705882352941176,0.5882352941176471,1.0,2.0
2023,IND,17,17,30.0,1.7647058823529411,0.9411764705882353,1.7058823529411764,10.705882352941176,0.5294117647058824,1.0,18.0
2023,JAX,17,17,34.0,2.0,1.8235294117647058,2.0,7.0588235294117645,0.5294117647058824,1.0,12.0
2023,KC,17,17,27.0,1.588235294117647,1.3529411764705883,1.5294117647058822,6.0588235294117645,0.6470588235294118,1.0,22.0
2023,LA,17,17,11.0,0.6470588235294118,0.6470588235294118,0.6470588235294118,4.352941176470588,0.5882352941176471,1.0,31.0
2023,LAC,17,17,31.0,1.8235294117647058,0.9411764705882353,1.4705882352941178,8.235294117647058,0.29411764705882354,1.0,15.0
2023,LV,17,17,23.0,1.3529411764705883,0.9411764705882353,1.2352941176470589,6.294117647058823,0.47058823529411764,1.0,25.0
2023,MIA,17,17,20.0,1.1764705882352942,1.0,1.1176470588235294,7.529411764705882,0.6470588235294118,1.0,27.0
2023,MIN,17,17,25.0,1.4705882352941178,1.0588235294117647,1.411764705882353,8.647058823529411,0.4117647058823529,1.0,23.0
2023,NE,17,17,32.0,1.8823529411764706,1.1176470588235294,1.411764705882353,12.176470588235293,0.23529411764705882,1.0,13.0
2023,NO,17,17,42.0,2.4705882352941178,2.3529411764705883,2.4705882352941178,7.117647058823529,0.5294117647058824,1.0,5.0
2023,NYG,17,17,31.0,1.8235294117647058,1.6470588235294117,1.8235294117647058,11.294117647058824,0.35294117647058826,1.0,15.0
2023,NYJ,17,17,37.0,2.176470588235294,1.588235294117647,2.176470588235294,11.823529411764707,0.4117647058823529,1.0,8.0
2023,PHI,17,17,40.0,2.3529411764705883,1.8823529411764706,2.2941176470588234,7.0588235294117645,0.6470588235294118,1.0,6.0
2023,PIT,17,17,28.0,1.6470588235294117,1.5294117647058822,1.6470588235294117,7.117647058823529,0.5882352941176471,1.0,21.0
2023,SEA,17,17,30.0,1.7647058823529411,1.4705882352941178,1.588235294117647,10.0,0.5294117647058824,1.0,18.0
2023,SF,17,17,31.0,1.8235294117647058,1.6470588235294117,1.8235294117647058,6.117647058823529,0.7058823529411765,1.0,15.0
2023,TB,17,17,32.0,1.8823529411764706,1.7058823529411764,1.8823529411764706,3.1176470588235294,0.5294117647058824,1.0,13.0
2023,TEN,17,17,55.0,3.235294117647059,2.5294117647058822,3.0588235294117645,9.176470588235293,0.35294117647058826,1.0,1.0
2023,WAS,17,17,30.0,1.7647058823529411,1.4705882352941178,1.7058823529411764,13.764705882352942,0.23529411764705882,1.0,18.0
2024,ARI,17,17,30.0,1.7647058823529411,1.588235294117647,1.6470588235294117,9.235294117647058,0.47058823529411764,1.0,18.0
2024,ATL,17,17,29.0,1.7058823529411764,1.1176470588235294,1.7058823529411764,8.823529411764707,0.47058823529411764,1.0,19.0
2024,BAL,17,17,32.0,1.8823529411764706,1.2941176470588236,1.6470588235294117,8.117647058823529,0.7058823529411765,1.0,16.0
2024,BUF,17,17,26.0,1.5294117647058822,1.2941176470588236,1.5294117647058822,5.9411764705882355,0.7647058823529411,1.0,23.0
2024,CAR,17,17,41.0,2.411764705882353,2.0588235294117645,2.2941176470588234,11.470588235294118,0.29411764705882354,1.0,8.0
2024,CHI,17,17,41.0,2.411764705882353,1.6470588235294117,2.3529411764705883,8.941176470588236,0.29411764705882354,1.0,8.0
2024,CIN,17,17,22.0,1.2941176470588236,0.7058823529411765,0.9411764705882353,9.470588235294118,0.5294117647058824,1.0,30.0
2024,CLE,17,17,51.0,3.0,2.3529411764705883,3.0,14.470588235294118,0.17647058823529413,1.0,3.0
2024,DAL,17,17,35.0,2.0588235294117645,1.8235294117647058,2.0588235294117645,9.882352941176471,0.4117647058823529,1.0,14.0
2024,DEN,17,16,24.0,1.5,1.3125,1.4375,6.176470588235294,0.5882352941176471,0.9411764705882353,26.0
2024,DET,17,17,38.0,2.235294117647059,1.7647058823529411,1.8823529411764706,15.235294117647058,0.8823529411764706,1.0,12.0
2024,GB,17,17,32.0,1.8823529411764706,1.5294117647058822,1.8235294117647058,5.176470588235294,0.6470588235294118,1.0,16.0
2024,HOU,17,17,45.0,2.6470588235294117,2.176470588235294,2.5294117647058822,11.764705882352942,0.5882352941176471,1.0,6.0
2024,IND,17,17,25.0,1.4705882352941178,1.1764705882352942,1.3529411764705883,10.176470588235293,0.47058823529411764,1.0,27.0
2024,JAX,17,17,19.0,1.1176470588235294,0.9411764705882353,1.1176470588235294,7.352941176470588,0.23529411764705882,1.0,32.0
2024,KC,17,17,24.0,1.411764705882353,1.2352941176470589,1.411764705882353,8.647058823529411,0.8823529411764706,1.0,28.0
2024,LA,17,17,26.0,1.5294117647058822,1.411764705882353,1.4705882352941178,9.470588235294118,0.5882352941176471,1.0,23.0
2024,LAC,17,17,26.0,1.5294117647058822,1.411764705882353,1.5294117647058822,8.882352941176471,0.6470588235294118,1.0,23.0
2024,LV,17,17,37.0,2.176470588235294,1.9411764705882353,1.9411764705882353,8.764705882352942,0.23529411764705882,1.0,13.0
2024,MIA,17,17,23.0,1.3529411764705883,0.7647058823529411,1.2941176470588236,14.529411764705882,0.47058823529411764,1.0,29.0
2024,MIN,17,17,20.0,1.1764705882352942,1.1176470588235294,1.1764705882352942,8.705882352941176,0.8235294117647058,1.0,31.0
2024,NE,17,17,28.0,1.6470588235294117,1.3529411764705883,1.588235294117647,10.0,0.23529411764705882,1.0,21.0
2024,NO,17,17,52.0,3.0588235294117645,2.823529411764706,3.0588235294117645,10.176470588235293,0.29411764705882354,1.0,2.0
2024,NYG,17,17,39.0,2.2941176470588234,2.0,2.2941176470588234,10.235294117647058,0.17647058823529413,1.0,11.0
2024,NYJ,17,17,29.0,1.7058823529411764,1.4705882352941178,1.6470588235294117,11.0,0.29411764705882354,1.0,19.0
2024,PHI,17,17,27.0,1.588235294117647,1.2352941176470589,1.5294117647058822,6.294117647058823,0.8235294117647058,1.0,22.0
2024,PIT,17,17,47.0,2.764705882352941,2.7058823529411766,2.7058823529411766,12.117647058823529,0.5882352941176471,1.0,5.0
2024,SEA,17,17,44.0,2.588235294117647,2.4705882352941178,2.4705882352941178,7.0588235294117645,0.5882352941176471,1.0,7.0
2024,SF,17,17,55.0,3.235294117647059,2.8823529411764706,3.0588235294117645,12.058823529411764,0.35294117647058826,1.0,1.0
2024,TB,17,17,51.0,3.0,2.6470588235294117,3.0,9.588235294117647,0.5882352941176471,1.0,3.0
2024,TEN,17,17,40.0,2.3529411764705883,2.1176470588235294,2.3529411764705883,10.529411764705882,0.17647058823529413,1.0,10.0
2024,WAS,17,17,33.0,1.9411764705882353,1.4705882352941178,1.9411764705882353,4.647058823529412,0.7058823529411765,1.0,15.0
2025,ARI,17,17,60.0,3.5294117647058822,2.411764705882353,3.1176470588235294,17.352941176470587,0.17647058823529413,1.0,3.0
2025,ATL,17,17,63.0,3.7058823529411766,3.176470588235294,3.176470588235294,11.294117647058824,0.47058823529411764,1.0,2.0
2025,BAL,17,17,37.0,2.176470588235294,2.176470588235294,2.176470588235294,8.588235294117647,0.47058823529411764,1.0,22.0
2025,BUF,17,17,40.0,2.3529411764705883,2.235294117647059,2.3529411764705883,10.0,0.7058823529411765,1.0,18.0
2025,CAR,17,17,36.0,2.1176470588235294,1.8823529411764706,2.1176470588235294,7.764705882352941,0.47058823529411764,1.0,23.0
2025,CHI,17,17,49.0,2.8823529411764706,2.3529411764705883,2.823529411764706,8.823529411764707,0.6470588235294118,1.0,10.0
2025,CIN,17,17,35.0,2.0588235294117645,1.6470588235294117,1.9411764705882353,6.823529411764706,0.35294117647058826,1.0,25.0
2025,CLE,17,17,41.0,2.411764705882353,2.176470588235294,2.2941176470588234,11.176470588235293,0.29411764705882354,1.0,16.0
2025,DAL,17,17,44.0,2.588235294117647,2.3529411764705883,2.588235294117647,11.117647058823529,0.4411764705882353,1.0,13.0
2025,DEN,17,17,38.0,2.235294117647059,2.0,2.176470588235294,8.941176470588236,0.8235294117647058,1.0,19.0
2025,DET,17,17,70.0,4.117647058823529,3.588235294117647,4.0588235294117645,15.882352941176471,0.5294117647058824,1.0,1.0
2025,GB,17,17,44.0,2.588235294117647,2.4705882352941178,2.5294117647058822,8.529411764705882,0.5588235294117647,1.0,13.0
2025,HOU,17,17,43.0,2.5294117647058822,1.8823529411764706,2.4705882352941178,12.764705882352942,0.7058823529411765,1.0,15.0
2025,IND,17,17,50.0,2.9411764705882355,2.2941176470588234,2.9411764705882355,12.352941176470589,0.47058823529411764,1.0,8.0
2025,JAX,17,17,41.0,2.411764705882353,2.235294117647059,2.411764705882353,5.470588235294118,0.7647058823529411,1.0,16.0
2025,KC,17,17,31.0,1.8235294117647058,1.3529411764705883,1.5294117647058822,12.0,0.35294117647058826,1.0,28.0
2025,LA,17,17,7.0,0.4117647058823529,0.4117647058823529,0.4117647058823529,3.2941176470588234,0.7058823529411765,1.0,32.0
2025,LAC,17,17,30.0,1.7647058823529411,1.7058823529411764,1.7647058823529411,11.529411764705882,0.6470588235294118,1.0,30.0
2025,LV,17,17,20.0,1.1764705882352942,0.7647058823529411,1.1176470588235294,3.764705882352941,0.17647058823529413,1.0,31.0
2025,MIA,17,17,31.0,1.8235294117647058,1.7647058823529411,1.8235294117647058,16.0,0.4117647058823529,1.0,28.0
2025,MIN,17,17,45.0,2.6470588235294117,2.0588235294117645,2.6470588235294117,8.352941176470589,0.5294117647058824,1.0,11.0
2025,NE,17,17,32.0,1.8823529411764706,1.4705882352941178,1.7647058823529411,9.764705882352942,0.8235294117647058,1.0,27.0
2025,NO,17,17,38.0,2.235294117647059,2.1176470588235294,2.1176470588235294,11.941176470588236,0.35294117647058826,1.0,19.0
2025,NYG,17,17,55.0,3.235294117647059,2.764705882352941,3.1176470588235294,13.470588235294118,0.23529411764705882,1.0,4.0
2025,NYJ,17,17,51.0,3.0,2.2941176470588234,2.823529411764706,10.470588235294118,0.17647058823529413,1.0,7.0
2025,PHI,17,17,35.0,2.0588235294117645,1.8235294117647058,1.9411764705882353,8.529411764705882,0.6470588235294118,1.0,25.0
2025,PIT,17,17,38.0,2.235294117647059,1.8235294117647058,2.1176470588235294,12.058823529411764,0.5882352941176471,1.0,19.0
2025,SEA,17,17,36.0,2.1176470588235294,1.8823529411764706,2.1176470588235294,7.176470588235294,0.8235294117647058,1.0,23.0
2025,SF,17,17,45.0,2.6470588235294117,2.5294117647058822,2.6470588235294117,12.941176470588236,0.7058823529411765,1.0,11.0
2025,TB,17,17,54.0,3.176470588235294,2.6470588235294117,3.176470588235294,8.294117647058824,0.47058823529411764,1.0,5.0
2025,TEN,17,17,53.0,3.1176470588235294,2.588235294117647,3.1176470588235294,7.294117647058823,0.17647058823529413,1.0,6.0
2025,WAS,17,17,50.0,2.9411764705882355,2.7058823529411766,2.823529411764706,9.117647058823529,0.29411764705882354,1.0,8.0
